t,x,y,vx_cmd,vy_cmd,wind_x,wind_y,battery_hat,battery_true,mode
0.0,0.0,0.0,0.0,0.0,0.0,0.0,1.0,0.9999,0
0.1,0.0,0.0,0.0,0.0,0.0,0.0,0.998578233428379,0.9998,0
0.2,0.0,0.0,0.0,0.0,0.0,0.0,0.9894718757909278,0.9997,0
0.30000000000000004,0.0,0.0,0.0,0.0,0.0,0.0,1.0,0.9996,0
0.4,0.0,0.0,0.0,0.0,0.0,0.0,1.0,0.9995,0
0.5,0.0,0.0,0.0,0.0,0.0,0.0,1.0,0.9994000000000001,0
0.6,0.0,0.0,0.0,0.0,0.0,0.0,1.0,0.9993000000000001,0
0.7,0.0,0.0,0.0,0.0,0.0,0.0,1.0,0.9992000000000001,0
0.7999999999999999,0.0,0.0,0.0,0.0,0.0,0.0,1.0,0.9991000000000001,0
0.8999999999999999,0.0,0.0,0.0,0.0,0.0,0.0,0.9985618247619207,0.9990000000000001,0
0.9999999999999999,0.0,0.0,0.0,0.0,0.0,0.0,0.9483609410776629,0.9989000000000001,0
1.0999999999999999,0.0,0.0,0.0,0.0,0.0,0.0,0.9862584636027436,0.9988000000000001,0
1.2,0.0,0.0,0.0,0.0,0.0,0.0,0.9958558192549035,0.9987000000000001,0
1.3,0.0,0.0,0.0,0.0,0.0,0.0,0.9723189385764193,0.9986000000000002,0
1.4000000000000001,0.0,0.0,0.0,0.0,0.0,0.0,1.0,0.9985000000000002,0
1.5000000000000002,0.0,0.0,0.0,0.0,0.0,0.0,1.0,0.9984000000000002,0
1.6000000000000003,0.0,0.0,0.0,0.0,0.0,0.0,0.9924815094417653,0.9983000000000002,0
1.7000000000000004,0.0,0.0,0.0,0.0,0.0,0.0,0.9411845113882321,0.9982000000000002,0
1.8000000000000005,0.0,0.0,0.0,0.0,0.0,0.0,0.9796948050161295,0.9981000000000002,0
1.9000000000000006,0.0,0.0,0.0,0.0,0.0,0.0,0.9435500675874229,0.9980000000000002,0
2.0000000000000004,0.0,0.0,0.0,0.0,0.0,0.0,0.9947981575657489,0.9979000000000002,0
2.1000000000000005,0.0,0.0,0.0,0.0,0.0,0.0,0.999356691088966,0.9978000000000002,0
2.2000000000000006,0.0,0.0,0.0,0.0,0.0,0.0,1.0,0.9977000000000003,0
2.3000000000000007,0.0,0.0,0.0,0.0,0.0,0.0,0.9958768158983763,0.9976000000000003,0
2.400000000000001,0.0,0.0,0.0,0.0,0.0,0.0,0.9983387446874845,0.9975000000000003,0
2.500000000000001,0.031610493187494045,-0.003985217221894878,0.0,0.0,0.31610493187494043,-0.039852172218948774,1.0,0.9967627856762874,0
2.600000000000001,0.06322098637498809,-0.007970434443789755,0.0,0.0,0.31610493187494043,-0.039852172218948774,0.9638901653696914,0.9960255713525745,0
2.700000000000001,0.09483147956248214,-0.011955651665684634,0.0,0.0,0.31610493187494043,-0.039852172218948774,1.0,0.9952883570288616,0
2.800000000000001,0.12644197274997618,-0.01594086888757951,0.0,0.0,0.31610493187494043,-0.039852172218948774,0.9917755688670826,0.9945511427051488,0
2.9000000000000012,0.15805246593747022,-0.019926086109474387,0.0,0.0,0.31610493187494043,-0.039852172218948774,0.9557588091026925,0.9938139283814359,0
3.0000000000000013,0.18966295912496425,-0.023911303331369264,0.0,0.0,0.31610493187494043,-0.039852172218948774,0.9463709311280261,0.993076714057723,0
3.1000000000000014,0.2212734523124583,-0.02789652055326414,0.0,0.0,0.31610493187494043,-0.039852172218948774,0.9667864447973659,0.9923394997340101,0
3.2000000000000015,0.25288394549995236,-0.03188173777515902,0.0,0.0,0.31610493187494043,-0.039852172218948774,0.9785526242384589,0.9916022854102973,0
3.3000000000000016,0.2844944386874464,-0.0358669549970539,0.0,0.0,0.31610493187494043,-0.039852172218948774,0.969123701710687,0.9908650710865844,0
3.4000000000000017,0.31610493187494043,-0.039852172218948774,0.0,0.0,0.31610493187494043,-0.039852172218948774,0.973882564686726,0.9901278567628715,0
3.5000000000000018,0.34771542506243447,-0.04383738944084365,0.0,0.0,0.31610493187494043,-0.039852172218948774,1.0,0.9893906424391586,0
3.600000000000002,0.4488005103996585,0.03491404142751293,0.0,0.0,1.0108508533722402,0.7875143086835658,1.0,0.9867278328604777,0
3.700000000000002,0.5498855957368826,0.11366547229586951,0.0,0.0,1.0108508533722402,0.7875143086835658,0.9933015677725686,0.9840650232817968,0
3.800000000000002,0.6509706810741066,0.1924169031642261,0.0,0.0,1.0108508533722402,0.7875143086835658,0.9869464893309763,0.9814022137031159,0
3.900000000000002,0.7520557664113307,0.27116833403258267,0.0,0.0,1.0108508533722402,0.7875143086835658,0.9758393836388018,0.9787394041244349,0
4.000000000000002,0.8531408517485547,0.34991976490093923,0.0,0.0,1.0108508533722402,0.7875143086835658,0.9718941428878212,0.976076594545754,0
4.100000000000001,0.9542259370857787,0.4286711957692958,0.0,0.0,1.0108508533722402,0.7875143086835658,0.9859068499872905,0.9734137849670731,0
4.200000000000001,1.0553110224230027,0.5074226266376524,0.0,0.0,1.0108508533722402,0.7875143086835658,0.9436343068083868,0.9707509753883922,0
4.300000000000001,1.1563961077602267,0.5861740575060089,0.0,0.0,1.0108508533722402,0.7875143086835658,0.9814773254158243,0.9680881658097112,0
4.4,1.2574811930974508,0.6649254883743655,0.0,0.0,1.0108508533722402,0.7875143086835658,0.9737264150850671,0.9654253562310303,0
4.5,1.3585662784346748,0.7436769192427221,0.0,0.0,1.0108508533722402,0.7875143086835658,0.9878613771703962,0.9627625466523494,0
4.6,1.4596513637718989,0.8224283501110786,0.0,0.0,1.0108508533722402,0.7875143086835658,0.9876884406108243,0.9600997370736685,0
4.699999999999999,1.560736449109123,0.9011797809794352,0.0,0.0,1.0108508533722402,0.7875143086835658,0.9168539922060188,0.9574369274949875,0
4.799999999999999,1.661821534446347,0.9799312118477917,0.0,0.0,1.0108508533722402,0.7875143086835658,0.9732208621958369,0.9547741179163066,0
4.899999999999999,1.762906619783571,1.0586826427161484,0.0,0.0,1.0108508533722402,0.7875143086835658,0.9443798840706261,0.9521113083376257,0
4.999999999999998,1.863991705120795,1.137434073584505,0.0,0.0,1.0108508533722402,0.7875143086835658,0.9479047957163035,0.9494484987589448,0
5.099999999999998,1.965076790458019,1.2161855044528616,0.0,0.0,1.0108508533722402,0.7875143086835658,0.9741159007304606,0.9467856891802638,0
5.1999999999999975,2.066161875795243,1.2949369353212181,0.0,0.0,1.0108508533722402,0.7875143086835658,0.9185185764935728,0.9441228796015829,0
5.299999999999997,2.167246961132467,1.3736883661895747,0.0,0.0,1.0108508533722402,0.7875143086835658,0.9159410082921698,0.941460070022902,0
5.399999999999997,2.2683320464696908,1.4524397970579312,0.0,0.0,1.0108508533722402,0.7875143086835658,0.9290540094415559,0.9387972604442211,0
5.4999999999999964,2.3694171318069146,1.5311912279262878,0.0,0.0,1.0108508533722402,0.7875143086835658,0.9418885739446916,0.9361344508655401,0
5.599999999999996,2.4705022171441384,1.6099426587946444,0.0,0.0,1.0108508533722402,0.7875143086835658,0.9291838941095536,0.9334716412868592,0
5.699999999999996,2.5715873024813622,1.688694089663001,0.0,0.0,1.0108508533722402,0.7875143086835658,0.9083746834211679,0.9308088317081783,0
5.799999999999995,2.4939552798635383,1.7246309925899217,0.0,0.0,-0.7763202261782395,0.3593690292692074,0.9241126887041462,0.9289979030798933,0
5.899999999999995,2.4163232572457143,1.7605678955168425,0.0,0.0,-0.7763202261782395,0.3593690292692074,0.9380861771589781,0.9271869744516082,0
5.999999999999995,2.3386912346278903,1.7965047984437632,0.0,0.0,-0.7763202261782395,0.3593690292692074,0.9186373240721153,0.9253760458233232,0
6.099999999999994,2.2610592120100663,1.832441701370684,0.0,0.0,-0.7763202261782395,0.3593690292692074,0.9492658615039916,0.9235651171950382,0
6.199999999999994,2.1834271893922423,1.8683786042976047,0.0,0.0,-0.7763202261782395,0.3593690292692074,0.9494788838380195,0.9217541885667532,0
6.299999999999994,2.1057951667744184,1.9043155072245255,0.0,0.0,-0.7763202261782395,0.3593690292692074,0.9013376331133153,0.9199432599384681,0
6.399999999999993,2.123248238194097,1.7997774963549875,0.0,0.0,0.1745307141967879,-1.0453801086953793,0.9413897445888677,0.9177235613355021,0
6.499999999999993,2.140701309613776,1.6952394854854496,0.0,0.0,0.1745307141967879,-1.0453801086953793,0.910507220259879,0.9155038627325361,0
6.5999999999999925,2.1581543810334547,1.5907014746159116,0.0,0.0,0.1745307141967879,-1.0453801086953793,0.8839589444016683,0.9132841641295701,0
6.699999999999992,2.1756074524531335,1.4861634637463736,0.0,0.0,0.1745307141967879,-1.0453801086953793,0.9222450121729989,0.9110644655266041,0
6.799999999999992,2.1930605238728123,1.3816254528768357,0.0,0.0,0.1745307141967879,-1.0453801086953793,0.9104524043325828,0.9088447669236381,0
6.8999999999999915,2.210513595292491,1.2770874420072977,0.0,0.0,0.1745307141967879,-1.0453801086953793,0.9521139612495862,0.9066250683206721,0
6.999999999999991,2.22796666671217,1.1725494311377598,0.0,0.0,0.1745307141967879,-1.0453801086953793,0.9287600181479054,0.9044053697177061,0
7.099999999999991,2.2454197381318486,1.0680114202682218,0.0,0.0,0.1745307141967879,-1.0453801086953793,0.9103193024752076,0.9021856711147401,0
7.19999999999999,2.2628728095515274,0.9634734093986839,0.0,0.0,0.1745307141967879,-1.0453801086953793,0.8883661077761872,0.8999659725117741,0
7.29999999999999,2.280325880971206,0.8589353985291459,0.0,0.0,0.1745307141967879,-1.0453801086953793,0.8753723847329931,0.8977462739088081,0
7.39999999999999,2.2949538651934116,0.9114584933723131,0.0,0.0,0.14627984222205598,0.5252309484316723,0.9662447460571117,0.8965558330045296,0
7.499999999999989,2.309581849415617,0.9639815882154803,0.0,0.0,0.14627984222205598,0.5252309484316723,0.8829675071773456,0.895365392100251,0
7.599999999999989,2.3242098336378225,1.0165046830586475,0.0,0.0,0.14627984222205598,0.5252309484316723,0.8935618570545616,0.8941749511959725,0
7.699999999999989,2.432319604392479,1.0335150254500356,0.9348178653245057,-0.35512752451779095,0.14627984222205598,0.5252309484316723,0.9092661799909988,0.8919845102916939,0
7.799999999999988,2.5397147743081927,1.0486984730197462,0.9276718569350827,-0.37339647273456616,0.14627984222205598,0.5252309484316723,0.8628875409089686,0.8897940693874153,0
7.899999999999988,2.646334379467207,1.0620100685620892,0.919916209368085,-0.39211499300824193,0.14627984222205598,0.5252309484316723,0.9134944309043205,0.8876036284831368,0
7.999999999999988,2.752113011391497,1.0734045915422503,0.9115064770208463,-0.41128571863006064,0.14627984222205598,0.5252309484316723,0.8446105163184534,0.8854131875788582,0
8.099999999999987,2.8569805235990215,1.0828367640352652,0.9023952798531887,-0.4309092235015229,0.14627984222205598,0.5252309484316723,0.8791722493764061,0.8832227466745797,0
8.199999999999987,2.960861729931024,1.0902614959034942,0.8925322210979684,-0.45098362974938133,0.14627984222205598,0.5252309484316723,0.8710029572409133,0.8810323057703011,0
8.299999999999986,3.063676097674724,1.095634174402795,0.8818638352149422,-0.47150416343866314,0.14627984222205598,0.5252309484316723,0.867925640604336,0.8788418648660226,0
8.399999999999986,3.187771844471458,1.0462174127456836,0.87033357615957,-0.49246265463412964,0.37062389180776917,-0.001704961936985461,0.8590641918827397,0.8770006092392002,0
8.499999999999986,3.3114382846029975,0.9960495330312679,0.866040509507628,-0.4999738352071717,0.37062389180776917,-0.001704961936985461,0.8652839579917128,0.8751593536123778,0
8.599999999999985,3.4346321059792335,0.9450717894415624,0.8613143219545901,-0.5080724739600687,0.37062389180776917,-0.001704961936985461,0.8722846180387718,0.8733180979855555,0
8.699999999999985,3.5573022946542228,0.8932166275745839,0.8560779949421238,-0.5168466567328004,0.37062389180776917,-0.001704961936985461,0.8148223701320524,0.8714768423587331,0
8.799999999999985,3.679388084812138,0.8404056404420581,0.8502340097713837,-0.5264049093882716,0.37062389180776917,-0.001704961936985461,0.8480678035995249,0.8696355867319108,0
8.899999999999984,3.8008161528526725,0.7865468566007522,0.8436567885975769,-0.5368828764760742,0.37062389180776917,-0.001704961936985461,0.8535548996098496,0.8677943311050884,0
8.999999999999984,3.9214966857574534,0.7315310685384543,0.8361814372400375,-0.5484529186859939,0.37062389180776917,-0.001704961936985461,0.8545749172284867,0.865953075478266,0
9.099999999999984,4.04131771986813,0.6752267439578836,0.8275864492989954,-0.5613382838687213,0.37062389180776917,-0.001704961936985461,0.8582724574453438,0.8641118198514437,0
9.199999999999983,4.160136723277548,0.6174727776545335,0.8175661422864123,-0.5758347010965161,0.37062389180776917,-0.001704961936985461,0.8866290687668755,0.8622705642246213,0
9.299999999999983,4.277767590115712,0.5580678285810189,0.8056847765738696,-0.5923445287981598,0.37062389180776917,-0.001704961936985461,0.8922089517112349,0.860429308597799,0
9.399999999999983,4.393959584766514,0.4967540127345721,0.7912960547002527,-0.6114331965274823,0.37062389180776917,-0.001704961936985461,0.868749581003569,0.8585880529709766,0
9.499999999999982,4.50836121109523,0.43319075356768477,0.7733923714793874,-0.6339276297318874,0.37062389180776917,-0.001704961936985461,0.8558503428254726,0.8567467973441543,0
9.599999999999982,4.620453414019364,0.36691029557066035,0.750298137433567,-0.6610996180332585,0.37062389180776917,-0.001704961936985461,0.8496122886473964,0.8549055417173319,0
9.699999999999982,4.729413196038662,0.2972360951373789,0.718973928385208,-0.6950370423958291,0.37062389180776917,-0.001704961936985461,0.8697684403041772,0.8530642860905095,0
9.799999999999981,4.833793543366026,0.22311769491000064,0.673179581465874,-0.7394790403367973,0.37062389180776917,-0.001704961936985461,0.8511420459364649,0.8512230304636872,0
9.89999999999998,4.930595258751785,0.14275235533734953,0.5973932620498218,-0.8019484337895256,0.37062389180776917,-0.001704961936985461,0.8413352057439252,0.8493817748368648,0
9.99999999999998,4.987080677104714,0.028598217376238702,0.4372499586179739,-0.8993400211758511,0.12760422491131784,-0.24220135843525722,0.8401068201899318,0.8477342555723888,0
10.09999999999998,4.999841099595846,0.004378081532712977,0.0,0.0,0.12760422491131784,-0.24220135843525722,0.8608568195992389,0.8470867363079128,0
10.19999999999998,5.012601522086978,-0.01984205431081275,0.0,0.0,0.12760422491131784,-0.24220135843525722,0.8558236951961373,0.8464392170434367,0
10.29999999999998,5.02536194457811,-0.044062190154338474,0.0,0.0,0.12760422491131784,-0.24220135843525722,0.8250960811054117,0.8457916977789607,0
10.399999999999979,5.038122367069242,-0.0682823259978642,0.0,0.0,0.12760422491131784,-0.24220135843525722,0.8389773899044739,0.8451441785144846,0
10.499999999999979,5.050882789560374,-0.09250246184138992,0.0,0.0,0.12760422491131784,-0.24220135843525722,0.8584194831965821,0.8444966592500086,0
10.599999999999978,5.015446657067531,-0.029103580983764088,-0.4819655498397497,0.8761901670115156,0.12760422491131784,-0.24220135843525722,0.8253228495620277,0.8428491399855326,0
10.699999999999978,5.028207079558663,-0.05332371682728981,0.0,0.0,0.12760422491131784,-0.24220135843525722,0.8553355451493115,0.8422016207210565,0
10.799999999999978,5.040967502049795,-0.07754385267081554,0.0,0.0,0.12760422491131784,-0.24220135843525722,0.8242296707437093,0.8415541014565805,0
10.899999999999977,5.053727924540927,-0.10176398851434126,0.0,0.0,0.12760422491131784,-0.24220135843525722,0.825179912126668,0.8409065821921045,0
10.999999999999977,5.019799468048016,-0.03755252039631135,-0.4668887898404263,0.8843160396155564,0.12760422491131784,-0.24220135843525722,0.8444575279291988,0.8392590629276284,0
11.099999999999977,5.032559890539148,-0.061772656239837076,0.0,0.0,0.12760422491131784,-0.24220135843525722,0.8353095140402419,0.8386115436631524,0
11.199999999999976,5.04532031303028,-0.0859927920833628,0.0,0.0,0.12760422491131784,-0.24220135843525722,0.8555877096445172,0.8379640243986763,0
11.299999999999976,5.058080735521412,-0.11021292792688853,0.0,0.0,0.12760422491131784,-0.24220135843525722,0.8364667907339299,0.8373165051342003,0
11.399999999999975,5.024220049790177,-0.045965712345618276,-0.46621108222366936,0.8846735142479597,0.12760422491131784,-0.24220135843525722,0.8694869416240353,0.8356689858697243,0
11.499999999999975,5.036980472281309,-0.070185848189144,0.0,0.0,0.12760422491131784,-0.24220135843525722,0.8081735309962208,0.8350214666052482,0
11.599999999999975,5.049740894772441,-0.09440598403266973,0.0,0.0,0.12760422491131784,-0.24220135843525722,0.8440088872651548,0.8343739473407722,0
11.699999999999974,5.015887391994155,-0.030154983504059124,-0.46613925269417666,0.8847113637213633,0.12760422491131784,-0.24220135843525722,0.8591194018757773,0.8327264280762962,0
11.799999999999974,5.028647814485287,-0.05437511934758485,0.0,0.0,0.12760422491131784,-0.24220135843525722,0.8126809859665963,0.8320789088118201,0
11.899999999999974,5.041408236976419,-0.07859525519111057,0.0,0.0,0.12760422491131784,-0.24220135843525722,0.8522646906601935,0.8314313895473441,0
11.999999999999973,5.054168659467551,-0.1028153910346363,0.0,0.0,0.12760422491131784,-0.24220135843525722,0.8498966319145174,0.830783870282868,0
12.099999999999973,5.020317182459945,-0.03856332319180859,-0.4661189949873737,0.8847220368635342,0.12760422491131784,-0.24220135843525722,0.8319088110361268,0.829136351018392,0
12.199999999999973,5.033077604951077,-0.06278345903533432,0.0,0.0,0.12760422491131784,-0.24220135843525722,0.835959019840196,0.828488831753916,0
12.299999999999972,4.942912345663932,-0.11612602459594101,0.0,0.0,-0.9016525928714572,-0.5334256556060669,0.8269570395197399,0.8262935796657026,0
12.399999999999972,4.896864424291527,-0.07972640110749124,0.44117337914740634,0.8974218904905646,-0.9016525928714572,-0.5334256556060669,0.8420262124319933,0.8230983275774892,0
12.499999999999972,4.885816258592754,-0.07190945798687318,0.7911709358837188,0.6115950868122476,-0.9016525928714572,-0.5334256556060669,0.8198905223374485,0.8199030754892759,0
12.599999999999971,4.880268939664073,-0.07196221054826564,0.8461794035846523,0.5328981299921423,-0.9016525928714572,-0.5334256556060669,0.8307990244953715,0.8167078234010625,0
12.69999999999997,4.875813921153819,-0.07379017016097461,0.8571024077689213,0.5151460594789772,-0.9016525928714572,-0.5334256556060669,0.8082698402753877,0.8135125713128492,0
12.79999999999997,4.87161751299905,-0.07605087362769115,0.8596885113237693,0.5108186209389015,-0.9016525928714572,-0.5334256556060669,0.8147176592249785,0.8103173192246358,0
12.89999999999997,4.867489529091256,-0.07842690855006876,0.8603727537935204,0.5096653063822909,-0.9016525928714572,-0.5334256556060669,0.8064610261080333,0.8071220671364224,0
12.99999999999997,4.863381270812137,-0.08083625727230465,0.8605700100802665,0.5093321683837081,-0.9016525928714572,-0.5334256556060669,0.8366695194640318,0.8039268150482091,0
13.09999999999997,4.859279125742293,-0.08325593631594637,0.8606311421730164,0.5092288651696497,-0.9016525928714572,-0.5334256556060669,0.7928577552866111,0.8007315629599957,0
13.199999999999969,4.855178998626797,-0.0856790259927969,0.8606513217164996,0.5091947588375615,-0.9016525928714572,-0.5334256556060669,0.8054769228703373,0.7975363108717823,0
13.299999999999969,4.851079575950158,-0.08810330634530315,0.860658366105073,0.5091828520810044,-0.9016525928714572,-0.5334256556060669,0.8144549136191461,0.794341058783569,0
13.399999999999968,4.846980411810549,-0.09052802369867193,0.8606609514753575,0.5091784820723793,-0.9016525928714572,-0.5334256556060669,0.7504811855789184,0.7911458066953556,0
13.499999999999968,4.842881346941619,-0.09295290884897488,0.860661944182161,0.5091768041030373,-0.9016525928714572,-0.5334256556060669,0.7999431243425866,0.7879505546071423,0
13.599999999999968,4.838782321785273,-0.0953778611255487,0.8606623413079999,0.5091761328403286,-0.9016525928714572,-0.5334256556060669,0.7832670718843134,0.7847553025189289,0
13.699999999999967,4.8346833131214835,-0.09780284127956179,0.8606625062335553,0.509175854065936,-0.9016525928714572,-0.5334256556060669,0.8004517128837142,0.7815600504307155,0
13.799999999999967,4.830584311546124,-0.10022783341518629,0.860662577117859,0.509175734249822,-0.9016525928714572,-0.5334256556060669,0.7584726873911801,0.7783647983425022,0
13.899999999999967,4.826485313115135,-0.10265283086575754,0.8606626085615606,0.5091756811003545,-0.9016525928714572,-0.5334256556060669,0.7971778643597061,0.7751695462542888,0
13.999999999999966,4.8223863161202924,-0.10507783074385726,0.8606626229230355,0.5091756568250696,-0.9016525928714572,-0.5334256556060669,0.7968566372397597,0.7719742941660754,0
14.099999999999966,4.8182873197993965,-0.10750283176113234,0.8606626296624978,0.5091756454333161,-0.9016525928714572,-0.5334256556060669,0.7930657705322434,0.7687790420778621,0
14.199999999999966,4.89155723918677,-0.030260062806679533,0.8606626329058343,0.509175639951085,-0.12796343903210705,0.26325204959344306,0.7430316884522027,0.7670936318512891,0
14.299999999999965,4.9750812229190275,0.02294253942613616,0.9632032763546847,0.2687739727347138,-0.12796343903210705,0.26325204959344306,0.7863639014567158,0.7654082216247161,0
14.399999999999965,4.962284879015817,0.04926774438548047,0.0,0.0,-0.12796343903210705,0.26325204959344306,0.7810611052595267,0.7647228113981431,0
14.499999999999964,4.949488535112606,0.07559294934482477,0.0,0.0,-0.12796343903210705,0.26325204959344306,0.7332246915994769,0.7640374011715702,0
14.599999999999964,4.936692191209396,0.10191815430416908,0.0,0.0,-0.12796343903210705,0.26325204959344306,0.7414326192424764,0.7633519909449972,0
14.699999999999964,4.976661170052254,0.043297372215841845,0.5276532274606894,-0.8494598704767153,-0.12796343903210705,0.26325204959344306,0.7319372920709138,0.7616665807184242,0
14.799999999999963,4.9638648261490435,0.06962257717518615,0.0,0.0,-0.12796343903210705,0.26325204959344306,0.7657733229226844,0.7609811704918512,0
14.899999999999963,4.951068482245833,0.09594778213453045,0.0,0.0,-0.12796343903210705,0.26325204959344306,0.7485508525011484,0.7602957602652782,0
14.999999999999963,4.9837033826655,0.033188745842826745,0.45431244322878456,-0.8908424125104801,-0.12796343903210705,0.26325204959344306,0.731520940256474,0.7586103500387053,0
15.099999999999962,4.97090703876229,0.05951395080217105,0.0,0.0,-0.12796343903210705,0.26325204959344306,0.7792795955992394,0.7579249398121323,0
15.199999999999962,4.958110694859079,0.08583915576151535,0.0,0.0,-0.12796343903210705,0.26325204959344306,0.755184497959265,0.7572395295855593,0
15.299999999999962,4.945314350955869,0.11216436072085965,0.0,0.0,-0.12796343903210705,0.26325204959344306,0.7958885366771057,0.7565541193589863,0
15.399999999999961,4.9763418079784945,0.04860366871959805,0.4382380092583637,-0.898858969606059,-0.12796343903210705,0.26325204959344306,0.7557252059966532,0.7548687091324133,0
15.499999999999961,4.994672998020518,0.027148844433504942,0.0,0.0,0.18331190042023415,-0.21454824286093108,0.7447833641113137,0.7542043184827729,0
15.59999999999996,5.013004188062542,0.005694020147411834,0.0,0.0,0.18331190042023415,-0.21454824286093108,0.7940811592173355,0.7535399278331325,0
15.69999999999996,5.031335378104566,-0.015760804138681275,0.0,0.0,0.18331190042023415,-0.21454824286093108,0.7560920799104537,0.7528755371834921,0
15.79999999999996,5.0496665681465895,-0.03721562842477438,0.0,0.0,0.18331190042023415,-0.21454824286093108,0.7425076832546674,0.7522111465338517,0
15.89999999999996,5.067997758188613,-0.05867045271086749,0.0,0.0,0.18331190042023415,-0.21454824286093108,0.7663520823591605,0.7515467558842113,0
15.99999999999996,5.086328948230637,-0.08012527699696059,0.0,0.0,0.18331190042023415,-0.21454824286093108,0.7275387472951154,0.7508823652345709,0
16.09999999999996,5.031364992682178,-0.033552006845019806,-0.7329514559048192,0.6802809443803389,0.18331190042023415,-0.21454824286093108,0.7191554613612968,0.7492179745849304,0
16.19999999999996,5.049696182724202,-0.05500683113111292,0.0,0.0,0.18331190042023415,-0.21454824286093108,0.7402134369451424,0.74855358393529,0
16.29999999999996,5.068027372766226,-0.07646165541720602,0.0,0.0,0.18331190042023415,-0.21454824286093108,0.7488050207500011,0.7478891932856496,0
16.399999999999963,5.019888640545807,-0.023205373203495937,-0.6646992226244187,0.7471110649980319,0.18331190042023415,-0.21454824286093108,0.7738183838415125,0.7462248026360092,0
16.499999999999964,5.038219830587831,-0.04466019748958905,0.0,0.0,0.18331190042023415,-0.21454824286093108,0.7554690660733895,0.7455604119863688,0
16.599999999999966,5.056551020629855,-0.06611502177568215,0.0,0.0,0.18331190042023415,-0.21454824286093108,0.7263991969207959,0.7448960213367284,0
16.699999999999967,5.074882210671879,-0.08756984606177526,0.0,0.0,0.18331190042023415,-0.21454824286093108,0.7531192628385474,0.744231630687088,0
16.79999999999997,5.028223193209661,-0.03302287478647607,-0.6499020750424122,0.7600179556139229,0.18331190042023415,-0.21454824286093108,0.7372955851936396,0.7425672400374476,0
16.89999999999997,5.046554383251685,-0.05447769907256918,0.0,0.0,0.18331190042023415,-0.21454824286093108,0.718005336857845,0.7419028493878072,0
16.99999999999997,5.064885573293709,-0.07593252335866228,0.0,0.0,0.18331190042023415,-0.21454824286093108,0.7258772130914115,0.7412384587381667,0
17.099999999999973,5.083216763335733,-0.09738734764475539,0.0,0.0,0.18331190042023415,-0.21454824286093108,0.762984556710493,0.7405740680885263,0
17.199999999999974,5.036585045076181,-0.04281704092141762,-0.6496290830157523,0.7602513100943087,0.18331190042023415,-0.21454824286093108,0.6827813144731188,0.7389096774388859,0
17.299999999999976,5.054916235118204,-0.06427186520751073,0.0,0.0,0.18331190042023415,-0.21454824286093108,0.7420870451521928,0.7382452867892455,0
17.399999999999977,5.073247425160228,-0.08572668949360383,0.0,0.0,0.18331190042023415,-0.21454824286093108,0.7657257762665012,0.7375808961396051,0
17.49999999999998,5.026618471139456,-0.031154020835756795,-0.6496014406279539,0.7602749294394014,0.18331190042023415,-0.21454824286093108,0.710610923365399,0.7359165054899647,0
17.59999999999998,5.04494966118148,-0.052608845121849906,0.0,0.0,0.18331190042023415,-0.21454824286093108,0.7099029677405077,0.7352521148403243,0
17.69999999999998,5.063280851223504,-0.07406366940794301,0.0,0.0,0.18331190042023415,-0.21454824286093108,0.7230274772003366,0.7345877241906839,0
17.799999999999983,5.081612041265528,-0.09551849369403612,0.0,0.0,0.18331190042023415,-0.21454824286093108,0.7287272188877494,0.7339233335410434,0
17.899999999999984,5.034983911571548,-0.04094512071466973,-0.6495931973600384,0.760281972654595,0.18331190042023415,-0.21454824286093108,0.7448890082954522,0.732258942891403,0
17.999999999999986,5.053315101613571,-0.06239994500076283,0.0,0.0,0.18331190042023415,-0.21454824286093108,0.7402851327159123,0.7315945522417626,0
18.099999999999987,5.071646291655595,-0.08385476928685594,0.0,0.0,0.18331190042023415,-0.21454824286093108,0.7253990878711117,0.7309301615921222,0
18.19999999999999,5.0250182334730065,-0.029281335207436088,-0.6495924822461241,0.7602825836551296,0.18331190042023415,-0.21454824286093108,0.7217187402398294,0.7292657709424818,0
18.29999999999999,5.04334942351503,-0.05073615949352919,0.0,0.0,0.18331190042023415,-0.21454824286093108,0.7443320786549806,0.7286013802928414,0
18.39999999999999,5.061680613557054,-0.0721909837796223,0.0,0.0,0.18331190042023415,-0.21454824286093108,0.7248230188293898,0.727936989643201,0
18.499999999999993,5.080011803599078,-0.0936458080657154,0.0,0.0,0.18331190042023415,-0.21454824286093108,0.757211258653218,0.7272725989935606,0
18.599999999999994,5.033383765261198,-0.03907235703079679,-0.6495922837990334,0.7602827532101172,0.18331190042023415,-0.21454824286093108,0.6834073836869818,0.7256082083439201,0
18.699999999999996,5.051714955303222,-0.0605271813168899,0.0,0.0,0.18331190042023415,-0.21454824286093108,0.7163000297104974,0.7249438176942797,0
18.799999999999997,5.070046145345246,-0.08198200560298301,0.0,0.0,0.18331190042023415,-0.21454824286093108,0.6886009306100918,0.7242794270446393,0
18.9,5.023418108428241,-0.02740855335405644,-0.649592269590285,0.7602827653501968,0.18331190042023415,-0.21454824286093108,0.7283191396099236,0.7226150363949989,0
19.0,5.041749298470265,-0.048863377640149544,0.0,0.0,0.18331190042023415,-0.21454824286093108,0.7469600660835798,0.7219506457453585,0
19.1,5.0600804885122885,-0.07031820192624265,0.0,0.0,0.18331190042023415,-0.21454824286093108,0.7075182046898965,0.7212862550957181,0
19.200000000000003,5.078411678554312,-0.09177302621233575,0.0,0.0,0.18331190042023415,-0.21454824286093108,0.7313877050656675,0.7206218644460777,0
19.300000000000004,5.031783642000992,-0.037199573652674144,-0.6495922659534423,0.7602827684575472,0.18331190042023415,-0.21454824286093108,0.761150128697373,0.7189574737964373,0
19.400000000000006,5.050114832043016,-0.058654397938767255,0.0,0.0,0.18331190042023415,-0.21454824286093108,0.724335790853635,0.7182930831467969,0
19.500000000000007,5.068446022085039,-0.08010922222486036,0.0,0.0,0.18331190042023415,-0.21454824286093108,0.7484305447775784,0.7176286924971564,0
19.60000000000001,5.021817985551991,-0.02553576964787832,-0.6495922657507239,0.7602827686307515,0.18331190042023415,-0.21454824286093108,0.7144903774701442,0.715964301847516,0
19.70000000000001,5.040149175594014,-0.046990593933971425,0.0,0.0,0.18331190042023415,-0.21454824286093108,0.7403158193495654,0.7152999111978756,0
19.80000000000001,5.058480365636038,-0.06844541822006453,0.0,0.0,0.18331190042023415,-0.21454824286093108,0.7155070663984099,0.7146355205482352,0
19.900000000000013,5.076811555678062,-0.08990024250615763,0.0,0.0,0.18331190042023415,-0.21454824286093108,0.7384946729004503,0.7139711298985948,0
20.000000000000014,5.030183519149746,-0.035326789925131004,-0.649592265703386,0.7602827686711974,0.18331190042023415,-0.21454824286093108,0.7011670084574609,0.7123067392489544,0
20.100000000000016,5.04851470919177,-0.056781614211224116,0.0,0.0,0.18331190042023415,-0.21454824286093108,0.7218075466752679,0.711642348599314,0
20.200000000000017,5.066845899233794,-0.07823643849731722,0.0,0.0,0.18331190042023415,-0.21454824286093108,0.7130616000704747,0.7109779579496736,0
20.30000000000002,5.020217862705664,-0.023662985916132015,-0.6495922657015302,0.7602827686727831,0.18331190042023415,-0.21454824286093108,0.7268291599835177,0.7093135673000331,0
20.40000000000002,5.038549052747688,-0.04511781020222512,0.0,0.0,0.18331190042023415,-0.21454824286093108,0.6844425322848195,0.7086491766503927,0
20.50000000000002,5.0568802427897115,-0.06657263448831822,0.0,0.0,0.18331190042023415,-0.21454824286093108,0.7157772117781613,0.7079847860007523,0
20.600000000000023,5.075211432831735,-0.08802745877441133,0.0,0.0,0.18331190042023415,-0.21454824286093108,0.7155361269196802,0.7073203953511119,0
20.700000000000024,5.028583396303644,-0.03345400619319293,-0.6495922657011418,0.7602827686731151,0.18331190042023415,-0.21454824286093108,0.7403241452717979,0.7056560047014715,0
20.800000000000026,5.046914586345668,-0.05490883047928603,0.0,0.0,0.18331190042023415,-0.21454824286093108,0.7054463475731078,0.7049916140518311,0
20.900000000000027,5.065245776387692,-0.07636365476537914,0.0,0.0,0.18331190042023415,-0.21454824286093108,0.6893769469295719,0.7043272234021907,0
21.00000000000003,5.018617739859602,-0.021790202184160064,-0.6495922657011336,0.7602827686731218,0.18331190042023415,-0.21454824286093108,0.7071102704445834,0.7026628327525503,0
21.10000000000003,5.036948929901626,-0.043245026470253176,0.0,0.0,0.18331190042023415,-0.21454824286093108,0.7283653880947861,0.7019984421029098,0
21.20000000000003,5.0552801199436495,-0.06469985075634628,0.0,0.0,0.18331190042023415,-0.21454824286093108,0.696788529854891,0.7013340514532694,0
21.300000000000033,5.073611309985673,-0.08615467504243939,0.0,0.0,0.18331190042023415,-0.21454824286093108,0.7159794175609503,0.700669660803629,0
21.400000000000034,5.026983273457583,-0.031581222461220276,-0.6495922657011333,0.7602827686731222,0.18331190042023415,-0.21454824286093108,0.7554831241947452,0.6990052701539886,0
21.500000000000036,5.045314463499607,-0.05303604674731338,0.0,0.0,0.18331190042023415,-0.21454824286093108,0.7047625369817633,0.6983408795043482,0
21.600000000000037,5.063645653541631,-0.07449087103340649,0.0,0.0,0.18331190042023415,-0.21454824286093108,0.6935398529100034,0.6976764888547078,0
21.70000000000004,5.0819768435836545,-0.09594569531949959,0.0,0.0,0.18331190042023415,-0.21454824286093108,0.7040819499665951,0.6970120982050674,0
21.80000000000004,5.025404543458396,-0.060749250094280643,-0.6495922657011333,0.7602827686731224,0.08386926444854187,-0.4083183164209329,0.7203078802997187,0.6950784126503311,0
21.90000000000004,5.026121071104451,-0.05524832982965402,0.0,0.0,0.007165276460552191,0.055009202646266256,0.7385618467775579,0.6948674648506677,0
22.000000000000043,5.0268375987505065,-0.04974740956502739,0.0,0.0,0.007165276460552191,0.055009202646266256,0.7122242079085639,0.6946565170510044,0
22.100000000000044,5.027554126396562,-0.04424648930040077,0.0,0.0,0.007165276460552191,0.055009202646266256,0.6784212538331656,0.694445569251341,0
22.200000000000045,5.028270654042617,-0.03874556903577414,0.0,0.0,0.007165276460552191,0.055009202646266256,0.6801159693370279,0.6942346214516777,0
22.300000000000047,5.028987181688673,-0.033244648771147516,0.0,0.0,0.007165276460552191,0.055009202646266256,0.6769277913389421,0.6940236736520143,0
22.40000000000005,5.029703709334728,-0.02774372850652089,0.0,0.0,0.007165276460552191,0.055009202646266256,0.691902766028599,0.693812725852351,0
22.50000000000005,5.030420236980784,-0.022242808241894264,0.0,0.0,0.007165276460552191,0.055009202646266256,0.6669990938424477,0.6936017780526876,0
22.60000000000005,5.031136764626839,-0.01674188797726764,0.0,0.0,0.007165276460552191,0.055009202646266256,0.7113204640216989,0.6933908302530243,0
22.700000000000053,5.031853292272895,-0.011240967712641013,0.0,0.0,0.007165276460552191,0.055009202646266256,0.7065526039365642,0.6931798824533609,0
22.800000000000054,5.03256981991895,-0.005740047448014388,0.0,0.0,0.007165276460552191,0.055009202646266256,0.6989767327006796,0.6929689346536976,0
22.900000000000055,5.033286347565006,-0.000239127183387762,0.0,0.0,0.007165276460552191,0.055009202646266256,0.7005390170405349,0.6927579868540342,0
23.000000000000057,5.034002875211061,0.005261793081238864,0.0,0.0,0.007165276460552191,0.055009202646266256,0.7054338914525284,0.6925470390543709,0
23.10000000000006,5.0347194028571165,0.01076271334586549,0.0,0.0,0.007165276460552191,0.055009202646266256,0.7012838280558698,0.6923360912547075,0
23.20000000000006,5.035435930503172,0.016263633610492115,0.0,0.0,0.007165276460552191,0.055009202646266256,0.6543886069567808,0.6921251434550442,0
23.30000000000006,5.036152458149227,0.02176455387511874,0.0,0.0,0.007165276460552191,0.055009202646266256,0.6680439267818923,0.6919141956553808,0
23.400000000000063,5.036868985795283,0.027265474139745366,0.0,0.0,0.007165276460552191,0.055009202646266256,0.6933747294882642,0.6917032478557175,0
23.500000000000064,5.037585513441338,0.03276639440437199,0.0,0.0,0.007165276460552191,0.055009202646266256,0.6752606025992692,0.6914923000560541,0
23.600000000000065,5.038302041087394,0.03826731466899862,0.0,0.0,0.007165276460552191,0.055009202646266256,0.6897248755432598,0.6912813522563908,0
23.700000000000067,5.039018568733449,0.04376823493362524,0.0,0.0,0.007165276460552191,0.055009202646266256,0.7002001614950787,0.6910704044567274,0
23.800000000000068,5.039735096379505,0.04926915519825187,0.0,0.0,0.007165276460552191,0.055009202646266256,0.6834900495200039,0.690859456657064,0
23.90000000000007,5.04045162402556,0.054770075462878494,0.0,0.0,0.007165276460552191,0.055009202646266256,0.6564014218415026,0.6906485088574007,0
24.00000000000007,5.041168151671616,0.06027099572750512,0.0,0.0,0.007165276460552191,0.055009202646266256,0.6825660616240959,0.6904375610577373,0
24.100000000000072,5.041884679317671,0.06577191599213175,0.0,0.0,0.007165276460552191,0.055009202646266256,0.711986160649323,0.690226613258074,0
24.200000000000074,5.0426012069637265,0.07127283625675837,0.0,0.0,0.007165276460552191,0.055009202646266256,0.6871975537355524,0.6900156654584106,0
24.300000000000075,5.043317734609782,0.07677375652138499,0.0,0.0,0.007165276460552191,0.055009202646266256,0.6364600705534476,0.6898047176587473,0
24.400000000000077,5.078472163113081,0.10216239199742466,0.0,0.0,0.35154428503298807,0.2538863547603967,0.6774059764639425,0.6888374422342762,0
24.500000000000078,5.052711269995678,0.04824577170913061,-0.6091532162070239,-0.7930525576433372,0.35154428503298807,0.2538863547603967,0.657826599538402,0.6868701668098052,0
24.60000000000008,5.087865698498977,0.07363440718517028,0.0,0.0,0.35154428503298807,0.2538863547603967,0.6699613239264435,0.6859028913853341,0
24.70000000000008,5.046375465350982,0.034792241324478036,-0.766446616512936,-0.6423080133673191,0.35154428503298807,0.2538863547603967,0.6716132098136027,0.683935615960863,0
24.800000000000082,5.081529893854281,0.06018087680051771,0.0,0.0,0.35154428503298807,0.2538863547603967,0.6922912875300461,0.682968340536392,0
24.900000000000084,5.036228824203963,0.026181695202233388,-0.8045549815361678,-0.5938781707432399,0.35154428503298807,0.2538863547603967,0.6583137060254225,0.6810010651119209,0
25.000000000000085,5.071383252707262,0.05157033067827306,0.0,0.0,0.35154428503298807,0.2538863547603967,0.6462311026380066,0.6800337896874499,0
25.100000000000087,5.106537681210561,0.07695896615431273,0.0,0.0,0.35154428503298807,0.2538863547603967,0.7072207033581988,0.6790665142629788,0
25.200000000000088,5.060629635247811,0.0437910030829543,-0.8106247446604905,-0.5855659854739811,0.35154428503298807,0.2538863547603967,0.6750999706386765,0.6770992388385078,0
25.30000000000009,5.09578406375111,0.06917963855899398,0.0,0.0,0.35154428503298807,0.2538863547603967,0.710616903353556,0.6761319634140367,0
25.40000000000009,5.049871476975728,0.03601796204776849,-0.810670152786811,-0.5855031198726516,0.35154428503298807,0.2538863547603967,0.6872203432315345,0.6741646879895656,0
25.500000000000092,5.085025905479027,0.061406597523808164,0.0,0.0,0.35154428503298807,0.2538863547603967,0.652358497855494,0.6731974125650946,0
25.600000000000094,5.039111958194869,0.028246804778555817,-0.8106837578745621,-0.5854842822129201,0.35154428503298807,0.2538863547603967,0.6693804471985905,0.6712301371406235,0
25.700000000000095,5.074266386698168,0.05363544025459549,0.0,0.0,0.35154428503298807,0.2538863547603967,0.7137724739209871,0.6702628617161525,0
25.800000000000097,5.109420815201467,0.07902407573063516,0.0,0.0,0.35154428503298807,0.2538863547603967,0.6812087325298065,0.6692955862916814,0
25.900000000000098,5.06350659343539,0.045864663045344,-0.8106865026937654,-0.5854804816133083,0.35154428503298807,0.2538863547603967,0.6590887133091153,0.6673283108672103,0
26.0000000000001,5.098661021938689,0.07125329852138368,0.0,0.0,0.35154428503298807,0.2538863547603967,0.6592421518572071,0.6663610354427393,0
26.1000000000001,5.052746792832526,0.03809389599955535,-0.8106865760946216,-0.58548037997868,0.35154428503298807,0.2538863547603967,0.6607349488508201,0.6643937600182682,0
26.200000000000102,5.087901221335825,0.06348253147559502,0.0,0.0,0.35154428503298807,0.2538863547603967,0.6345305432159332,0.6634264845937972,0
26.300000000000104,5.041986989862148,0.030323132231948886,-0.8106865997697548,-0.585480347196858,0.35154428503298807,0.2538863547603967,0.661813178330217,0.6614592091693261,0
26.400000000000105,5.077141418365447,0.05571176770798856,0.0,0.0,0.35154428503298807,0.2538863547603967,0.6334678959571481,0.660491933744855,0
26.500000000000107,5.112295846868746,0.08110040318402822,0.0,0.0,0.35154428503298807,0.2538863547603967,0.6481985372376211,0.659524658320384,0
26.600000000000108,5.066381614838725,0.04794100471072641,-0.810686605333205,-0.5854803394934148,0.35154428503298807,0.2538863547603967,0.6577794805450856,0.6575573828959129,0
26.70000000000011,5.101536043342024,0.07332964018676608,0.0,0.0,0.35154428503298807,0.2538863547603967,0.6582036112176268,0.6565901074714419,0
26.80000000000011,5.055621811287043,0.040170241748022875,-0.8106866055827884,-0.5854803391478287,0.35154428503298807,0.2538863547603967,0.6553982763984051,0.6546228320469708,0
26.900000000000112,5.090776239790342,0.06555887722406255,0.0,0.0,0.35154428503298807,0.2538863547603967,0.6974625791735789,0.6536555566224997,0
27.000000000000114,5.044862007726777,0.03239947879720739,-0.8106866056686443,-0.5854803390289482,0.35154428503298807,0.2538863547603967,0.6771118171645966,0.6516882811980287,0
27.100000000000115,5.080016436230076,0.057788114273247065,0.0,0.0,0.35154428503298807,0.2538863547603967,0.6654492597514273,0.6507210057735576,0
27.200000000000117,5.115170864733375,0.08317674974928674,0.0,0.0,0.35154428503298807,0.2538863547603967,0.6368479746524515,0.6497537303490866,0
27.300000000000118,5.06925663266752,0.050017351325600826,-0.8106866056915326,-0.5854803389972558,0.35154428503298807,0.2538863547603967,0.6359792111692187,0.6477864549246155,0
27.40000000000012,5.072236890835975,0.0048758578055154295,0.0,0.0,0.029802581684548097,-0.45141493520085396,0.6762627161451384,0.6467816596160568,0
27.50000000000012,5.0752171490044296,-0.04026563571456997,0.0,0.0,0.029802581684548097,-0.45141493520085396,0.6523373681398708,0.6457768643074981,0
27.600000000000122,5.078197407172884,-0.08540712923465536,0.0,0.0,0.029802581684548097,-0.45141493520085396,0.622355607844991,0.6447720689989395,0
27.700000000000124,5.01364860272549,-0.05679344868386818,-0.6752906261584923,0.7375517407087258,0.029802581684548097,-0.45141493520085396,0.6463811421100323,0.6427672736903808,0
27.800000000000125,5.016628860893944,-0.10193494220395358,0.0,0.0,0.029802581684548097,-0.45141493520085396,0.6491005503254325,0.6417624783818221,0
27.900000000000126,5.003508735073483,-0.04838105774001453,-0.16100383988915976,0.9869537798402445,0.029802581684548097,-0.45141493520085396,0.6308517478819081,0.6397576830732634,0
28.000000000000128,5.006488993241938,-0.09352255126009992,0.0,0.0,0.029802581684548097,-0.45141493520085396,0.6324516261707009,0.6387528877647047,0
28.10000000000013,5.009469251410392,-0.13866404478018532,0.0,0.0,0.029802581684548097,-0.45141493520085396,0.6628794865465887,0.637748092456146,0
28.20000000000013,5.005636460924714,-0.08403789641154802,-0.06813048654133108,0.997676418887227,0.029802581684548097,-0.45141493520085396,0.6140828137790962,0.6357432971475874,0
28.300000000000132,5.008616719093169,-0.12917938993163341,0.0,0.0,0.029802581684548097,-0.45141493520085396,0.6530699459527425,0.6347385018390287,0
28.400000000000134,5.004941416035078,-0.07454261174510074,-0.06655561226545774,0.9977827170661807,0.029802581684548097,-0.45141493520085396,0.6145773920476595,0.63273370653047,0
28.500000000000135,5.007921674203533,-0.11968410526518614,0.0,0.0,0.029802581684548097,-0.45141493520085396,0.6584152953255332,0.6317289112219113,0
28.600000000000136,5.004297564103156,-0.06504392551923709,-0.06604368268831347,0.9978167326603444,0.029802581684548097,-0.45141493520085396,0.6011288123162697,0.6297241159133526,0
28.700000000000138,5.007277822271611,-0.11018541903932248,0.0,0.0,0.029802581684548097,-0.45141493520085396,0.6306386888401686,0.628719320604794,0
28.80000000000014,5.003667373030624,-0.055544336045052774,-0.0659070740944171,0.997825765143551,0.029802581684548097,-0.45141493520085396,0.6254766097481,0.6267145252962353,0
28.90000000000014,5.006647631199079,-0.10068582956513816,0.0,0.0,0.029802581684548097,-0.45141493520085396,0.6050545453120038,0.6257097299876766,0
29.000000000000142,5.003039882325617,-0.046044568246445615,-0.0658800704191612,0.9978275483877794,0.029802581684548097,-0.45141493520085396,0.66124348083484,0.6237049346791179,0
29.100000000000144,5.006020140494072,-0.09118606176653102,0.0,0.0,0.029802581684548097,-0.45141493520085396,0.639465136895287,0.6227001393705592,0
29.200000000000145,5.009000398662526,-0.13632755528661641,0.0,0.0,0.029802581684548097,-0.45141493520085396,0.6437077424719762,0.6216953440620006,0
29.300000000000146,5.005392958878251,-0.08168627356125376,-0.06587697952729842,0.9978277524544805,0.029802581684548097,-0.45141493520085396,0.6090982114201579,0.6196905487534419,0
29.400000000000148,5.093995761073243,-0.0821006676151694,0.0,0.0,0.8860280219499169,-0.004143940539156534,0.6377364441526735,0.6178184733284967,0
29.50000000000015,5.10728309770983,-0.016730712103852255,-0.7531546555840477,0.657843495652328,0.8860280219499169,-0.004143940539156534,0.5884549747506397,0.6149463979035515,0
29.60000000000015,5.097080167431391,-0.001736432289174368,-0.9880573247343153,0.1540867386859354,0.8860280219499169,-0.004143940539156534,0.6425893207971977,0.6120743224786064,0
29.700000000000152,5.185682969626383,-0.0021508263430900215,0.0,0.0,0.8860280219499169,-0.004143940539156534,0.6260807525485774,0.6102022470536612,0
29.800000000000153,5.17429247981825,-0.0014069655123204673,-0.999932920031244,0.011582548846852076,0.8860280219499169,-0.004143940539156534,0.6437465262967021,0.607330171628716,0
29.900000000000155,5.162898540068049,-0.0010141419088362837,-0.999967419451933,0.008072176573998372,0.8860280219499169,-0.004143940539156534,0.6294792672369003,0.6044580962037709,0
30.000000000000156,5.151503280114374,-0.0008059875618576507,-0.9999806214866638,0.0062254840089428646,0.8860280219499169,-0.004143940539156534,0.6181353898587831,0.6015860207788257,0
30.100000000000158,5.140107497364607,-0.0006883956705977557,-0.9999858494475876,0.005319859451755484,0.8860280219499169,-0.004143940539156534,0.5632440799924422,0.5987139453538806,0
30.20000000000016,5.12871150658289,-0.000611461726761612,-0.999987929767086,0.004913279977517971,0.8860280219499169,-0.004143940539156534,0.5831675059987843,0.5958418699289354,0
30.30000000000016,5.117315437186678,-0.0005507973782026352,-0.9999887159120467,0.004750584024746302,0.8860280219499169,-0.004143940539156534,0.6206621791439523,0.5929697945039902,0
30.400000000000162,5.105919341520304,-0.0004956954127875257,-0.9999889786136561,0.004694960193307629,0.8860280219499169,-0.004143940539156534,0.6067903229786735,0.5900977190790451,0
30.500000000000163,5.0945232387859125,-0.0004421012999926708,-0.999989049293832,0.004679881667105083,0.8860280219499169,-0.004143940539156534,0.5732249785301826,0.5872256436540999,0
30.600000000000165,5.183126040980905,-0.0008564953539083242,0.0,0.0,0.8860280219499169,-0.004143940539156534,0.5660269240353707,0.5853535682291547,0
30.700000000000166,5.171729936912355,-0.0008031864085571068,-0.9999890626354109,0.004677029992668708,0.8860280219499169,-0.004143940539156534,0.5834813950851712,0.5824814928042096,0
30.800000000000168,5.160333832820815,-0.0007498823788188336,-0.9999890628653167,0.004676980836539266,0.8860280219499169,-0.004143940539156534,0.5732462623321469,0.5796094173792644,0
30.90000000000017,5.148937728717355,-0.0006965808976432217,-0.9999890629845136,0.004676955350912653,0.8860280219499169,-0.004143940539156534,0.5695000930468231,0.5767373419543192,0
31.00000000000017,5.137541624608154,-0.0006432806439002296,-0.9999890630419206,0.004676943076586456,0.8860280219499169,-0.004143940539156534,0.5575006515586157,0.5738652665293741,0
31.100000000000172,5.1261455204964355,-0.0005899809285910162,-0.9999890630671032,0.004676937692248668,0.8860280219499169,-0.004143940539156534,0.6023654991444168,0.5709931911044289,0
31.200000000000173,5.11474941638374,-0.0005366814221700385,-0.9999890630768729,0.004676935603366311,0.8860280219499169,-0.004143940539156534,0.574525871438313,0.5681211156794838,0
31.300000000000175,5.103353312270724,-0.00048338198409130103,-0.9999890630800692,0.004676934919943909,0.8860280219499169,-0.004143940539156534,0.565654424408799,0.5652490402545386,0
31.400000000000176,5.091957208157628,-0.00043008256330197693,-0.9999890630808778,0.004676934747049775,0.8860280219499169,-0.004143940539156534,0.5705957874643701,0.5623769648295934,0
31.500000000000178,5.18056001035262,-0.0008444766172176303,0.0,0.0,0.8860280219499169,-0.004143940539156534,0.5475833397777806,0.5605048894046483,0
31.60000000000018,5.16916390623951,-0.0007911771992531601,-0.9999890630810099,0.004676934718801236,0.8860280219499169,-0.004143940539156534,0.5372037826845372,0.5576328139797031,0
31.70000000000018,5.157767802126401,-0.0007378777813166962,-0.9999890630810112,0.004676934718521173,0.8860280219499169,-0.004143940539156534,0.5506727972486694,0.5547607385547579,0
31.800000000000182,5.146371698013291,-0.0006845783633945336,-0.999989063081012,0.0046769347183781606,0.8860280219499169,-0.004143940539156534,0.5469027360366997,0.5518886631298128,0
31.900000000000183,5.134975593900181,-0.000631278945479129,-0.9999890630810122,0.00467693471831058,0.8860280219499169,-0.004143940539156534,0.5722609090188048,0.5490165877048676,0
32.000000000000185,5.123579489787072,-0.0005779795275666169,-0.9999890630810122,0.004676934718281655,0.8860280219499169,-0.004143940539156534,0.503427467683627,0.5461445122799224,0
32.100000000000186,5.112183385673962,-0.0005246801096551901,-0.9999890630810124,0.004676934718270801,0.8860280219499169,-0.004143940539156534,0.5568649366480377,0.5432724368549773,0
32.20000000000019,5.100787281560852,-0.00047138069174410197,-0.9999890630810124,0.004676934718267416,0.8860280219499169,-0.004143940539156534,0.534373955449615,0.5404003614300321,0
32.30000000000019,5.089391177447743,-0.0004180812738330929,-0.9999890630810125,0.004676934718266625,0.8860280219499169,-0.004143940539156534,0.5305849384615774,0.537528286005087,0
32.40000000000019,5.177993979642735,-0.0008324753277487464,0.0,0.0,0.8860280219499169,-0.004143940539156534,0.5502264498414229,0.5356562105801418,0
32.50000000000019,5.166597875529625,-0.0007791759098377494,-0.9999890630810124,0.004676934718266504,0.8860280219499169,-0.004143940539156534,0.543725438304946,0.5327841351551966,0
32.60000000000019,5.1552017714165155,-0.0007258764919267518,-0.9999890630810124,0.00467693471826651,0.8860280219499169,-0.004143940539156534,0.5509956711902736,0.5299120597302515,0
32.700000000000195,5.143805667303406,-0.000672577074015754,-0.9999890630810123,0.004676934718266513,0.8860280219499169,-0.004143940539156534,0.5106099385468311,0.5270399843053063,0
32.800000000000196,5.132409563190296,-0.0006192776561047558,-0.9999890630810124,0.0046769347182665155,0.8860280219499169,-0.004143940539156534,0.5172092041653104,0.5241679088803611,0
32.9000000000002,5.1210134590771865,-0.0005659782381937577,-0.9999890630810125,0.0046769347182665155,0.8860280219499169,-0.004143940539156534,0.5329718387085618,0.521295833455416,0
33.0000000000002,5.109617354964077,-0.0005126788202827596,-0.9999890630810124,0.004676934718266515,0.8860280219499169,-0.004143940539156534,0.5475021068486807,0.5184237580304708,0
33.1000000000002,5.098221250850967,-0.0004593794023717614,-0.9999890630810125,0.004676934718266516,0.8860280219499169,-0.004143940539156534,0.5569974783411492,0.5155516826055256,0
33.2000000000002,5.186824053045959,-0.0008737734562874148,0.0,0.0,0.8860280219499169,-0.004143940539156534,0.5242407077341243,0.5136796071805805,0
33.3000000000002,5.17542794893285,-0.0008204740383764178,-0.9999890630810124,0.004676934718266503,0.8860280219499169,-0.004143940539156534,0.5194672039416119,0.5108075317556353,0
33.400000000000205,5.16403184481974,-0.0007671746204654203,-0.9999890630810124,0.004676934718266509,0.8860280219499169,-0.004143940539156534,0.49540659132923165,0.5079354563306901,0
33.500000000000206,5.15263574070663,-0.0007138752025544224,-0.9999890630810123,0.004676934718266512,0.8860280219499169,-0.004143940539156534,0.519708905568889,0.505063380905745,0
33.60000000000021,5.141239636593521,-0.0006605757846434244,-0.9999890630810124,0.004676934718266515,0.8860280219499169,-0.004143940539156534,0.5374465168998965,0.5021913054807998,0
33.70000000000021,5.129843532480411,-0.0006072763667324262,-0.9999890630810125,0.0046769347182665155,0.8860280219499169,-0.004143940539156534,0.509276016096476,0.4993192300558546,0
33.80000000000021,5.118447428367301,-0.0005539769488214282,-0.9999890630810124,0.004676934718266515,0.8860280219499169,-0.004143940539156534,0.49357735214885007,0.4964471546309094,0
33.90000000000021,5.107051324254192,-0.00050067753091043,-0.9999890630810123,0.0046769347182665155,0.8860280219499169,-0.004143940539156534,0.5006112366042782,0.49357507920596416,0
34.00000000000021,5.095655220141082,-0.00044737811299943187,-0.9999890630810124,0.0046769347182665155,0.8860280219499169,-0.004143940539156534,0.487004882108726,0.49070300378101894,0
34.100000000000215,5.184258022336074,-0.0008617721669150853,0.0,0.0,0.8860280219499169,-0.004143940539156534,0.519718011553756,0.4888309283560737,0
34.200000000000216,5.1728619182229645,-0.0008084727490040883,-0.9999890630810124,0.004676934718266503,0.8860280219499169,-0.004143940539156534,0.4920957322709448,0.4859588529311285,0
34.30000000000022,5.161465814109855,-0.0007551733310930908,-0.9999890630810123,0.004676934718266509,0.8860280219499169,-0.004143940539156534,0.4929696942382846,0.4830867775061833,0
34.40000000000022,5.150069709996745,-0.000701873913182093,-0.9999890630810124,0.004676934718266513,0.8860280219499169,-0.004143940539156534,0.47448157404887475,0.48021470208123807,0
34.50000000000022,5.1386736058836355,-0.0006485744952710948,-0.9999890630810125,0.0046769347182665155,0.8860280219499169,-0.004143940539156534,0.44431370483798194,0.47734262665629285,0
34.60000000000022,5.127277501770526,-0.0005952750773600968,-0.9999890630810124,0.004676934718266515,0.8860280219499169,-0.004143940539156534,0.4828137014551346,0.4744705512313476,0
34.70000000000022,5.115881397657416,-0.0005419756594490986,-0.9999890630810124,0.0046769347182665155,0.8860280219499169,-0.004143940539156534,0.4391660354748731,0.4715984758064024,0
34.800000000000225,5.104485293544307,-0.0004886762415381006,-0.9999890630810123,0.004676934718266515,0.8860280219499169,-0.004143940539156534,0.446437286922458,0.4687264003814572,0
34.900000000000226,5.093089189431197,-0.00043537682362710235,-0.9999890630810124,0.004676934718266516,0.8860280219499169,-0.004143940539156534,0.5315166380806012,0.46585432495651197,0
35.00000000000023,5.181691991626189,-0.0008497708775427558,0.0,0.0,0.8860280219499169,-0.004143940539156534,0.49391654154435727,0.46398224953156675,0
35.10000000000023,5.170295887513079,-0.0007964714596317589,-0.9999890630810125,0.004676934718266504,0.8860280219499169,-0.004143940539156534,0.45567359654891243,0.46111017410662153,0
35.20000000000023,5.15889978339997,-0.0007431720417207613,-0.9999890630810124,0.004676934718266509,0.8860280219499169,-0.004143940539156534,0.45123812007768704,0.4582380986816763,0
35.30000000000023,5.14750367928686,-0.0006898726238097634,-0.9999890630810125,0.004676934718266514,0.8860280219499169,-0.004143940539156534,0.4597347270965923,0.4553660232567311,0
35.40000000000023,5.13610757517375,-0.0006365732058987654,-0.9999890630810124,0.004676934718266515,0.8860280219499169,-0.004143940539156534,0.45076507065004223,0.45249394783178587,0
35.500000000000234,5.124711471060641,-0.0005832737879877672,-0.9999890630810124,0.0046769347182665155,0.8860280219499169,-0.004143940539156534,0.4706678335512331,0.44962187240684065,0
35.600000000000236,5.113315366947531,-0.000529974370076769,-0.9999890630810124,0.0046769347182665155,0.8860280219499169,-0.004143940539156534,0.4317245831828477,0.44674979698189543,0
35.70000000000024,5.101919262834421,-0.000476674952165771,-0.9999890630810124,0.004676934718266515,0.8860280219499169,-0.004143940539156534,0.40030138946745064,0.4438777215569502,0
35.80000000000024,5.090523158721312,-0.00042337553425477283,-0.9999890630810124,0.0046769347182665155,0.8860280219499169,-0.004143940539156534,0.45076350312013164,0.441005646132005,0
35.90000000000024,5.179125960916304,-0.0008377695881704262,0.0,0.0,0.8860280219499169,-0.004143940539156534,0.4250510613769653,0.4391335707070598,0
36.00000000000024,5.167729856803194,-0.0007844701702594293,-0.9999890630810125,0.004676934718266504,0.8860280219499169,-0.004143940539156534,0.4469513364403106,0.43626149528211455,0
36.10000000000024,5.1563337526900845,-0.0007311707523484318,-0.9999890630810125,0.004676934718266509,0.8860280219499169,-0.004143940539156534,0.4095135107050026,0.43338941985716933,0
36.200000000000244,5.144937648576975,-0.0006778713344374338,-0.9999890630810125,0.004676934718266514,0.8860280219499169,-0.004143940539156534,0.43168499585898257,0.4305173444322241,0
36.300000000000246,5.133541544463865,-0.0006245719165264358,-0.9999890630810124,0.004676934718266515,0.8860280219499169,-0.004143940539156534,0.44150889782555514,0.4276452690072789,0
36.40000000000025,5.122145440350756,-0.0005712724986154376,-0.9999890630810125,0.0046769347182665155,0.8860280219499169,-0.004143940539156534,0.42498569945136777,0.4247731935823337,0
36.50000000000025,5.110749336237646,-0.0005179730807044396,-0.9999890630810124,0.004676934718266515,0.8860280219499169,-0.004143940539156534,0.46244679741667183,0.42190111815738846,0
36.60000000000025,5.099353232124536,-0.0004646736627934414,-0.9999890630810124,0.0046769347182665155,0.8860280219499169,-0.004143940539156534,0.40392517369410696,0.41902904273244324,0
36.70000000000025,5.187956034319528,-0.0008790677167090948,0.0,0.0,0.8860280219499169,-0.004143940539156534,0.4487799672601995,0.417156967307498,0
36.80000000000025,5.176559930206419,-0.0008257682987980979,-0.9999890630810124,0.004676934718266503,0.8860280219499169,-0.004143940539156534,0.4318751415946868,0.4142848918825528,0
36.900000000000254,5.165163826093309,-0.0007724688808871002,-0.9999890630810124,0.00467693471826651,0.8860280219499169,-0.004143940539156534,0.4065150746989809,0.4114128164576076,0
37.000000000000256,5.153767721980199,-0.0007191694629761024,-0.9999890630810124,0.004676934718266512,0.8860280219499169,-0.004143940539156534,0.42873307167231856,0.40854074103266236,0
37.10000000000026,5.14237161786709,-0.0006658700450651044,-0.9999890630810124,0.004676934718266515,0.8860280219499169,-0.004143940539156534,0.389535617671807,0.40566866560771714,0
37.20000000000026,5.13097551375398,-0.0006125706271541063,-0.9999890630810123,0.004676934718266515,0.8860280219499169,-0.004143940539156534,0.38043811854264875,0.4027965901827719,0
37.30000000000026,5.11957940964087,-0.0005592712092431082,-0.9999890630810124,0.0046769347182665155,0.8860280219499169,-0.004143940539156534,0.41612556657234206,0.3999245147578267,0
37.40000000000026,5.061900074384293,-0.04275364685004462,-0.9999890630810124,0.0046769347182665155,0.42319571051524185,-0.4266206911262816,0.38701884897055383,0.39762268311654647,0
37.50000000000026,5.104219645435817,-0.08541571596267278,0.0,0.0,0.42319571051524185,-0.4266206911262816,0.4012422972444617,0.39632085147526624,0
37.600000000000264,5.06919628661563,-0.06468952749663312,-0.7734292987171137,0.6338825757866782,0.42319571051524185,-0.4266206911262816,0.3744543315500683,0.394019019833986,0
37.700000000000266,5.111515857667154,-0.10735159660926127,0.0,0.0,0.42319571051524185,-0.4266206911262816,0.3992020511846513,0.3927171881927058,0
37.80000000000027,5.08179241927899,-0.080660909533883,-0.7204300943968773,0.6935275618800644,0.42319571051524185,-0.4266206911262816,0.3524182802191075,0.39041535655142556,0
37.90000000000027,5.052910529710172,-0.05310651330162325,-0.7120146062034229,0.702164653448879,0.42319571051524185,-0.4266206911262816,0.395886064421605,0.38811352491014534,0
38.00000000000027,5.095230100761697,-0.0957685824142514,0.0,0.0,0.42319571051524185,-0.4266206911262816,0.3482561745982695,0.3868116932688651,0
38.10000000000027,5.067038628188573,-0.06752090094938121,-0.7051104362464768,0.7090975057749835,0.42319571051524185,-0.4266206911262816,0.3744254408924646,0.3845098616275849,0
38.20000000000027,5.109358199240098,-0.11018297006200936,0.0,0.0,0.42319571051524185,-0.4266206911262816,0.36447546213301796,0.38320802998630465,0
38.300000000000274,5.081233234691393,-0.0818692165019266,-0.7044453560022875,0.7097582267271092,0.42319571051524185,-0.4266206911262816,0.4109429634754499,0.3809061983450244,0
38.400000000000276,5.053118383673971,-0.05354542654520502,-0.7043442206894592,0.7098585906934974,0.42319571051524185,-0.4266206911262816,0.3719787149882759,0.3786043667037442,0
38.50000000000028,5.0954379547254955,-0.09620749565783318,0.0,0.0,0.42319571051524185,-0.4266206911262816,0.40903409264673696,0.377302535062464,0
38.60000000000028,5.067331349955067,-0.06787552446357804,-0.7042617582195295,0.709940403068833,0.42319571051524185,-0.4266206911262816,0.34139470637245384,0.37500070342118375,0
38.70000000000028,5.109650921006591,-0.11053759357620621,0.0,0.0,0.42319571051524185,-0.4266206911262816,0.3798796158670029,0.3736988717799035,0
38.80000000000028,5.081545128302841,-0.0822048168200156,-0.7042536375527405,0.7099484586881877,0.42319571051524185,-0.4266206911262816,0.4148840807626788,0.3713970401386233,0
38.90000000000028,5.053439460138076,-0.0538719165240409,-0.7042523921628909,0.7099496940860286,0.42319571051524185,-0.4266206911262816,0.3403151591066901,0.36909520849734306,0
39.000000000000284,5.0957590311896,-0.09653398563666907,0.0,0.0,0.42319571051524185,-0.4266206911262816,0.3374447885408203,0.36779337685606284,0
39.100000000000286,5.067653465053919,-0.06820098413053302,-0.7042513718720528,0.709950706187642,0.42319571051524185,-0.4266206911262816,0.37833502942766545,0.3654915452147826,0
39.20000000000029,5.109973036105443,-0.11086305324316117,0.0,0.0,0.42319571051524185,-0.4266206911262816,0.3547815054144539,0.3641897135735024,0
39.30000000000029,5.081867480286393,-0.08253004150321588,-0.7042512687057482,0.7099508085257344,0.42319571051524185,-0.4266206911262816,0.34903289097710893,0.36188788193222216,0
39.40000000000029,5.053761926063583,-0.0541970281798449,-0.7042512527433434,0.7099508243599915,0.42319571051524185,-0.4266206911262816,0.35022990947873517,0.3595860502909419,0
39.50000000000029,5.096081497115107,-0.09685909729247305,0.0,0.0,0.42319571051524185,-0.4266206911262816,0.40573277246985884,0.3582842186496617,0
39.60000000000029,5.0679759442063474,-0.06852608266560084,-0.7042512396028372,0.7099508373950038,0.42319571051524185,-0.4266206911262816,0.353823619977621,0.3559823870083815,0
39.700000000000294,5.110295515257872,-0.111188151778229,0.0,0.0,0.42319571051524185,-0.4266206911262816,0.37252366075076015,0.35468055536710125,0
39.800000000000296,5.082189962485436,-0.0828551370161279,-0.7042512382396043,0.7099508387472925,0.42319571051524185,-0.4266206911262816,0.36672066643124296,0.352378723725821,0
39.9000000000003,5.054084409734276,-0.05452212223292051,-0.7042512380268331,0.7099508389583555,0.42319571051524185,-0.4266206911262816,0.39109086859510866,0.3500768920845408,0
40.0000000000003,5.096403980785801,-0.09718419134554868,0.0,0.0,0.42319571051524185,-0.4266206911262816,0.31451172494942414,0.34877506044326057,0
40.1000000000003,5.038741728541504,-0.13793969012291868,-0.9998182329582069,0.019065703352581734,0.42319571051524185,-0.4266206911262816,0.3441140316483384,0.34647322880198034,1
40.2000000000003,5.054021546839459,-0.08432688312019786,-0.2703975275357022,0.9627487611534897,0.42319571051524185,-0.4266206911262816,0.31284309098222574,0.3441713971607001,0
40.3000000000003,4.9963550346227255,-0.1253206738768144,-0.999860832682572,0.016682783560116314,0.42319571051524185,-0.4266206911262816,0.35994481206011947,0.3418695655194199,1
40.400000000000304,5.041581887070524,-0.06802501334894462,0.029072813962740078,0.9995772964049793,0.42319571051524185,-0.4266206911262816,0.3260842678937675,0.33956773387813965,0
40.500000000000306,4.983910559650484,-0.10933792611428722,-0.9999089847156379,0.01349156347285557,0.42319571051524185,-0.4266206911262816,0.33698720559235695,0.3372659022368594,1
40.60000000000031,5.040788682099181,-0.05306542805640671,0.1455855139717233,0.9893456717050866,0.42319571051524185,-0.4266206911262816,0.3427570913691365,0.3349640705955792,0
40.70000000000031,5.083108253150705,-0.09572749716903486,0.0,0.0,0.42319571051524185,-0.4266206911262816,0.30339101418067166,0.333662238954299,0
40.80000000000031,5.025445552587991,-0.13650665288571612,-0.999822716142385,0.018829133959468967,0.42319571051524185,-0.4266206911262816,0.34884672588655596,0.33136040731301875,1
40.90000000000031,5.049440249499674,-0.0808620640968625,-0.18324874139841515,0.9830665790148176,0.42319571051524185,-0.4266206911262816,0.3375964253767332,0.3290585756717385,0
41.00000000000031,5.091759820551198,-0.12352413320949066,0.0,0.0,0.42319571051524185,-0.4266206911262816,0.3271052633592946,0.3277567440304583,0
41.100000000000314,5.034108805066489,-0.163760954375723,-0.9997058653623325,0.024252479463958292,0.42319571051524185,-0.4266206911262816,0.3173267165700901,0.32545491238917806,1
41.200000000000315,4.976481245107894,-0.2031717156213341,-0.9994713101011892,0.03251307867017053,0.42319571051524185,-0.4266206911262816,0.3249721231152356,0.32315308074789784,1
41.30000000000032,4.918884051787634,-0.2417545449183387,-0.9991676437178414,0.04079239815623549,0.42319571051524185,-0.4266206911262816,0.35116786685454177,0.3208512491066176,1
41.40000000000032,4.9930137846560125,-0.18961095172546152,0.3181016181685474,0.9480566230550534,0.42319571051524185,-0.4266206911262816,0.33814634490345213,0.3185494174653374,0
41.50000000000032,5.039015357206437,-0.13234082950335463,0.036820014989000664,0.9993219133473507,0.42319571051524185,-0.4266206911262816,0.31977306460660304,0.31624758582405715,0
41.60000000000032,4.981369398294834,-0.17237748070806894,-0.9996552996312682,0.02625417907913844,0.42319571051524185,-0.4266206911262816,0.31389779964373316,0.3139457541827769,1
41.70000000000032,4.923748788978742,-0.2115811762017527,-0.9994018036761685,0.03458373618944402,0.42319571051524185,-0.4266206911262816,0.2932752948600646,0.3116439225414967,1
41.800000000000324,4.866160560117388,-0.24995005109931195,-0.9990779991287818,0.04293194215068919,0.42319571051524185,-0.4266206911262816,0.29413739232538455,0.30934209090021647,1
41.900000000000325,4.808611788565972,-0.2874823886651853,-0.9986834260294014,0.051297315467548635,0.42319571051524185,-0.4266206911262816,0.32634911364506297,0.30704025925893624,1
42.00000000000033,4.906347902763217,-0.24690380217144267,0.5541654314572119,0.8324065560637075,0.42319571051524185,-0.4266206911262816,0.32836459807818474,0.304738427617656,0
42.10000000000033,4.984132543290955,-0.19606598440153325,0.3546506947621392,0.9349988688253758,0.42319571051524185,-0.4266206911262816,0.2840029475425348,0.3024365959763758,0
42.20000000000033,4.926529398709982,-0.2347972901497457,-0.9992271563249754,0.039307633644156945,0.42319571051524185,-0.4266206911262816,0.3198146791799321,0.30013476433509556,1
42.30000000000033,4.868962349360478,-0.2726987852569658,-0.9988662040102784,0.04760574005408121,0.42319571051524185,-0.4266206911262816,0.2732069113130902,0.29783293269381533,1
42.40000000000033,4.811438394816551,-0.309768860389762,-0.9984352559545123,0.05591993979831971,0.42319571051524185,-0.4266206911262816,0.2851486192717405,0.2955311010525351,1
42.500000000000334,4.753964574329276,-0.3460060555593493,-0.9979339153879897,0.06424873943040833,0.42319571051524185,-0.4266206911262816,0.2553298008056443,0.2932292694112549,1
42.600000000000335,4.696547963276276,-0.3814090628033046,-0.9973618210452403,0.07259061868672874,0.42319571051524185,-0.4266206911262816,0.2808490432518126,0.29092743776997465,1
42.70000000000034,4.639195669501711,-0.415976728782305,-0.996718648260898,0.0809440313362776,0.42319571051524185,-0.4266206911262816,0.25940369763046706,0.2886256061286944,1
42.80000000000034,4.581914829549115,-0.44970805728676283,-0.9960041100411975,0.0893074060817032,0.42319571051524185,-0.4266206911262816,0.3051761863261982,0.2863237744874142,1
42.90000000000034,4.524712604789794,-0.4826022116483023,-0.9952179581084469,0.09767914751088698,0.42319571051524185,-0.4266206911262816,0.2881090866140382,0.28402194284613397,1
43.00000000000034,4.467596177449733,-0.5146585170511123,-0.9943599839158606,0.10605763709818174,0.42319571051524185,-0.4266206911262816,0.2895779086661696,0.28172011120485374,1
43.10000000000034,4.410572746538241,-0.5458764627383156,-0.9934300196301519,0.1144412342542488,0.42319571051524185,-0.4266206911262816,0.3127231708052749,0.2794182795635735,1
43.200000000000344,4.5262615284547625,-0.5205903243907936,0.7336921086499695,0.679482074601502,0.42319571051524185,-0.4266206911262816,0.23626631298565098,0.2771164479222933,0
43.300000000000345,4.469236037200363,-0.5518261694800564,-0.9934506230592373,0.11426224023365407,0.42319571051524185,-0.4266206911262816,0.30629222870362477,0.27481461628101306,1
43.40000000000035,4.412309270279853,-0.5822340801499055,-0.9924633797203436,0.12254158442778953,0.42319571051524185,-0.4266206911262816,0.30066244628425937,0.27251278463973283,1
43.50000000000035,4.355488263364214,-0.6118138788045111,-0.9914057796716311,0.1308227045802256,0.42319571051524185,-0.4266206911262816,0.26050644870393425,0.2702109529984526,1
43.60000000000035,4.298780056159003,-0.640565551318378,-0.9902777825673547,0.13910396598761307,0.42319571051524185,-0.4266206911262816,0.28403373627531314,0.2679091213571724,1
43.70000000000035,4.242191688203757,-0.6684892486948522,-0.9890793900677002,0.14738371736153952,0.42319571051524185,-0.4266206911262816,0.269352965518373,0.26560728971589215,1
43.80000000000035,4.185730194597683,-0.695585288605675,-0.9878106465759794,0.15566029201805265,0.42319571051524185,-0.4266206911262816,0.2568158039497582,0.2633054580746119,1
43.900000000000354,4.129402601655942,-0.7218541568079941,-0.9864716399326562,0.163932009103091,0.42319571051524185,-0.4266206911262816,0.2675441502521238,0.2610036264333317,1
44.000000000000355,4.073215922501042,-0.7472965084354439,-0.9850625020642418,0.17219717485178312,0.42319571051524185,-0.4266206911262816,0.2647123593227255,0.25870179479205146,1
44.10000000000036,4.017177152594047,-0.7719131691601289,-0.9835834095851935,0.1804540838794328,0.42319571051524185,-0.4266206911262816,0.2683159395394242,0.25639996315077124,1
44.20000000000036,3.9612932652104655,-0.7957051362225704,-0.9820345843510576,0.18870102050186546,0.42319571051524185,-0.4266206911262816,0.24644051327665284,0.254098131509491,1
44.30000000000036,3.905571206865868,-0.8186735793269311,-0.9804162939612178,0.19693626008267534,0.42319571051524185,-0.4266206911262816,0.25673338793706507,0.2517962998682108,1
44.40000000000036,3.850017892696419,-0.8408198413990808,-0.9787288522097354,0.20515807040478348,0.42319571051524185,-0.4266206911262816,0.26131177290777463,0.24949446822693058,1
44.50000000000036,3.7946402017996523,-0.8621454392053499,-0.9769726194829063,0.21336471306359078,0.42319571051524185,-0.4266206911262816,0.26216474863207073,0.24719263658565038,1
44.600000000000364,3.739444972540946,-0.8826520638300888,-0.9751480031023011,0.22155444487889323,0.42319571051524185,-0.4266206911262816,0.22449026165729996,0.24489080494437018,1
44.700000000000365,3.6844389978312493,-0.9023415810104553,-0.9732554576122111,0.2297255193226163,0.42319571051524185,-0.4266206911262816,0.2319462115788836,0.24258897330308998,1
44.80000000000037,3.6296290203817154,-0.9212160313271511,-0.9712954850105816,0.2378761879593228,0.42319571051524185,-0.4266206911262816,0.20340120809992493,0.24028714166180978,1
44.90000000000037,3.575021727940971,-0.9392776302501439,-0.9692686349226852,0.2460047018963546,0.42319571051524185,-0.4266206911262816,0.26421828413415116,0.23798531002052958,1
45.00000000000037,3.5206237485207996,-0.9565287680387337,-0.967175504716957,0.25410931324038377,0.42319571051524185,-0.4266206911262816,0.2145653209814295,0.23568347837924938,1
45.10000000000037,3.466441645616064,-0.9729720094956545,-0.9650167395626005,0.26218827655707283,0.42319571051524185,-0.4266206911262816,0.2275650863185548,0.23338164673796918,1
45.20000000000037,3.3502116103312627,-0.9776857092425713,-0.9627930324287566,0.27023985033047837,-0.1995073204192531,-0.3173768477996451,0.22070629160829106,0.23153189682120998,1
45.300000000000374,3.2342650435418507,-0.9814091171064131,-0.9599583474748681,0.2801427691612269,-0.1995073204192531,-0.3173768477996451,0.23919201729722558,0.22968214690445077,1
45.400000000000375,3.118622789466181,-0.9841100560138556,-0.9569152203374434,0.29036745872521963,-0.1995073204192531,-0.3173768477996451,0.22579873362557157,0.22783239698769156,1
45.50000000000038,3.0033074866253946,-0.9857545748528795,-0.9536457079886124,0.3009316594094053,-0.1995073204192531,-0.3173768477996451,0.22424149727107753,0.22598264707093235,1
45.60000000000038,2.888343766664261,-0.9863068122789204,-0.9501298791920846,0.31185447353923684,-0.1995073204192531,-0.3173768477996451,0.22977557733671106,0.22413289715417314,1
45.70000000000038,2.7737584807373583,-0.9857288474291573,-0.946345538849774,0.32315649629727544,-0.1995073204192531,-0.3173768477996451,0.2303568751855469,0.22228314723741394,1
45.80000000000038,2.843178400109491,-0.9279921169139467,0.9143764727836199,0.40486499727660563,-0.2201772790622935,0.17250230787550064,0.23446762743676575,0.22062373654592637,0
45.90000000000038,2.9130189516296494,-0.8712190256425746,0.9185827942638779,0.3952286048382204,-0.2201772790622935,0.17250230787550064,0.2013785269776793,0.2189643258544388,0
46.000000000000384,2.795194309651625,-0.8253150827736955,-0.9580691407179492,0.28653712081329075,-0.2201772790622935,0.17250230787550064,0.22827877616711426,0.21730491516295125,1
46.100000000000385,2.866830249886137,-0.7730078919955248,0.9365366814074086,0.3505695999062067,-0.2201772790622935,0.17250230787550064,0.2478332036776756,0.2156455044714637,0
46.20000000000039,2.938829886179077,-0.7216880966518974,0.9401736419916952,0.34069564556077303,-0.2201772790622935,0.17250230787550064,0.20038196464523325,0.21398609377997613,0
46.30000000000039,2.81969752278875,-0.6805894366751764,-0.9711463548409736,0.23848429189170947,-0.2201772790622935,0.17250230787550064,0.24331998674898464,0.21232668308848857,1
46.40000000000039,2.8931371997582818,-0.6335418258956695,0.9545740487576088,0.2979737999195679,-0.2201772790622935,0.17250230787550064,0.2058726695053946,0.210667272397001,0
46.50000000000039,2.7734341814566683,-0.5949003810151925,-0.9768529039538432,0.21391214092926925,-0.2201772790622935,0.17250230787550064,0.23422425630361987,0.20900786170551344,1
46.60000000000039,2.848027518822471,-0.5518373226606513,0.9661106527203179,0.2581282756699107,-0.2201772790622935,0.17250230787550064,0.23710432069778928,0.20734845101402588,0
46.700000000000394,2.922875641353452,-0.5097474658880756,0.9686585043721054,0.2483962598502559,-0.2201772790622935,0.17250230787550064,0.2170157431544694,0.20568904032253832,0
46.800000000000395,2.7799214471425544,-0.5611534338114643,-0.9851307819492504,0.17180611879691104,-0.44441116015972415,-0.6858657980307977,0.21927260592752287,0.2029545212223955,1
46.9000000000004,2.637457471964312,-0.6099531724908623,-0.9802285916226978,0.19786841123681775,-0.44441116015972415,-0.6858657980307977,0.17471843318018246,0.20022000212225266,1
47.0000000000004,2.4955878429411587,-0.6560078892282838,-0.9742851300718092,0.2253186306565832,-0.44441116015972415,-0.6858657980307977,0.1812480029062455,0.19748548302210983,1
47.1000000000004,2.3544323545835786,-0.699171444377147,-0.967143723416075,0.2542302465421658,-0.44441116015972415,-0.6858657980307977,0.19638828655324378,0.194750963921967,1
47.2000000000004,2.21412876657791,-0.7392907365675172,-0.9586247198969613,0.2846728761270953,-0.44441116015972415,-0.6858657980307977,0.13841906190861045,0.19201644482182417,1
47.3000000000004,2.0748353696979045,-0.7762064336091302,-0.9485228086403313,0.31670882761466795,-0.44441116015972415,-0.6858657980307977,0.18364291375039443,0.18928192572168134,1
47.400000000000404,1.9367338076871652,-0.8097541655992273,-0.9366044599476686,0.3503884781298268,-0.44441116015972415,-0.6858657980307977,0.1616856593948643,0.18654740662153851,1
47.500000000000405,1.8000321150171374,-0.8397663238841406,-0.9226057665405535,0.3857442151816641,-0.44441116015972415,-0.6858657980307977,0.18732520969093897,0.18381288752139568,1
47.600000000000406,1.8523157673387627,-0.8829694604606193,0.9672476833759757,0.25383443226601143,-0.44441116015972415,-0.6858657980307977,0.20046570749631892,0.18107836842125286,0
47.70000000000041,1.9041581929223894,-0.9245471599270718,0.9628354159959921,0.27008880336627245,-0.44441116015972415,-0.6858657980307977,0.17490690030534103,0.17834384932111003,0
47.80000000000041,1.7697601410935073,-0.9494559456105758,-0.8995693581290968,0.4367779411957576,-0.44441116015972415,-0.6858657980307977,0.18451139874225794,0.1756093302209672,1
47.90000000000041,1.8212605152125279,-0.9898426943737884,0.9594149013499291,0.28199831039867157,-0.44441116015972415,-0.6858657980307977,0.16516296740637423,0.17287481112082437,0
48.00000000000041,1.6889574987205678,-1.010676929263266,-0.8786190047598775,0.47752344913602135,-0.44441116015972415,-0.6858657980307977,0.1729922893922953,0.17014029202068154,1
48.10000000000041,1.558706684536893,-1.0279147437416776,-0.8580969816770221,0.5134876532466817,-0.44441116015972415,-0.6858657980307977,0.18381162558186248,0.1674057729205387,1
48.200000000000415,1.6100824086761947,-1.0678808214062783,0.9581684015527392,0.2862050213847909,-0.44441116015972415,-0.6858657980307977,0.18488690774355487,0.16467125382039588,0
48.300000000000416,1.6610206994083019,-1.106421290506234,0.9537940674807961,0.30046110703124074,-0.44441116015972415,-0.6858657980307977,0.1437934499268792,0.16193673472025305,0
48.40000000000042,1.5333531494392432,-1.1195699708951716,-0.8322643395308635,0.5543789941414226,-0.44441116015972415,-0.6858657980307977,0.10094407529209785,0.15920221562011022,1
48.50000000000042,1.4081489074421327,-1.129187766737966,-0.8076312598113814,0.5896878396028538,-0.44441116015972415,-0.6858657980307977,0.10424988738518749,0.1564676965199674,1
48.60000000000042,1.285693083924122,-1.1352147316655414,-0.7801470750203816,0.625596148755044,-0.44441116015972415,-0.6858657980307977,0.1524522840171215,0.15373317741982456,1
48.70000000000042,1.166290738484347,-1.1376135929456805,-0.7496122942380269,0.6618771852294062,-0.44441116015972415,-0.6858657980307977,0.16463388476751006,0.15099865831968173,1
48.80000000000042,1.2959404646404016,-1.167034297029904,0.9586822572365878,0.2844790495972609,0.33781500432395695,-0.5786860904394943,0.16299599771010115,0.1485585141954704,0
48.900000000000425,1.2554121663218893,-1.1579846439206893,-0.7430979875090789,0.669182621531639,0.33781500432395695,-0.5786860904394943,0.16276214001649653,0.14611837007125905,1
49.000000000000426,1.2156883080569516,-1.1480523514752312,-0.7350535869733341,0.6780090148940757,0.33781500432395695,-0.5786860904394943,0.09868278331883665,0.1436782259470477,1
49.10000000000043,1.1767655760770364,-1.1372616961090758,-0.7270423241231085,0.6865926441010481,0.33781500432395695,-0.5786860904394943,0.17125128527921799,0.14123808182283637,1
49.20000000000043,1.3063964349013841,-1.1666188952290821,0.958493583919521,0.28511409923943115,0.33781500432395695,-0.5786860904394943,0.15403671219663018,0.13879793769862503,0
